cond1rep1	cond1rep2	cond1rep3	cond1rep4	cond1rep5	cond2rep1	cond2rep2	cond2rep3	cond2rep4	cond2rep5
gene1	5881	5913	5909	5823	5987	5861	5919	5820	5877	5904
gene2	160	186	154	168	162	156	167	174	127	156
gene3	983	950	1068	973	1010	2095	2035	1930	2024	2032
gene4	72	57	68	70	59	57	63	79	67	63
gene5	1086	1069	1117	1090	1102	1120	1043	1042	1188	1120
gene6	1109	1125	1128	1192	1168	1117	1080	1120	1108	1067
gene7	3481	3622	3450	3490	3497	3506	3463	3559	3647	3493
gene8	230	262	250	222	254	267	225	254	285	214
gene9	124	139	119	125	119	100	146	117	131	102
gene10	7431	7674	7420	7436	7509	7430	7693	7618	7455	7562
gene11	597	614	595	648	603	610	655	661	594	621
gene12	1057	1133	1116	1096	1126	1085	1145	1131	1099	1129
gene13	31	37	39	28	35	40	44	36	30	29
gene14	3875	3795	4054	4031	4001	3925	3929	3966	3849	3893
gene15	511	521	481	498	486	459	470	475	463	478
gene16	202	196	186	182	210	200	170	201	205	197
gene17	786	724	775	807	815	764	785	773	781	816
gene18	3707	3866	3853	3737	3807	3875	3823	3765	3662	3843
gene19	3752	3810	3739	3687	3820	3769	3993	3805	3848	3766
gene20	3206	3174	3168	3226	3192	3255	3159	3209	3175	3260
gene21	248	237	211	208	222	228	240	221	226	291
gene22	630	597	620	617	593	538	606	643	584	597
gene23	36	32	31	37	28	62	50	65	59	75
gene24	36	29	33	35	26	29	29	29	31	29
gene25	35	30	36	28	32	33	26	24	23	35
gene26	130	116	111	101	92	121	110	99	110	105
gene27	6939	7022	6963	7191	7204	7022	6980	7021	6866	7154
gene28	9106	9428	9177	9106	9261	9280	9147	9202	9072	9325
gene29	5695	5669	5619	5592	5695	5699	5684	5688	5754	5777
gene30	375	336	354	355	334	346	342	307	367	341
gene31	198	211	229	194	237	214	205	226	208	240
gene32	7047	6755	6998	6882	6922	7018	6946	6959	7015	6878
gene33	596	553	595	638	665	572	569	594	619	599
gene34	1121	1138	1152	1119	1149	1142	1146	1155	1120	1142
gene35	11	9	21	15	15	25	24	25	37	23
gene36	9103	8914	9025	8880	9064	9039	8849	9042	8889	9055
gene37	10	24	18	24	10	27	14	21	27	12
gene38	388	376	355	366	385	375	368	382	389	356
gene39	1597	1637	1578	1616	1593	3216	3282	3117	3204	3096
gene40	89	102	100	114	98	109	98	110	110	101
gene41	15	19	27	26	21	17	25	17	14	13
gene42	6088	5959	5944	6059	5928	6141	6107	6005	6101	5926
gene43	227	240	220	239	216	224	246	233	226	222
gene44	103	85	88	77	80	82	95	105	97	104
gene45	41	32	30	42	42	49	40	45	30	40
gene46	2039	2116	2123	2061	2000	2068	2149	2067	2131	2189
gene47	6456	6467	6588	6628	6621	6500	6570	6564	6427	6593
gene48	71	85	83	78	79	91	85	82	83	88
gene49	97	98	97	91	119	100	88	99	104	96
gene50	2308	2324	2330	2356	2271	2386	2396	2359	2302	2348
gene51	23	15	19	16	18	25	22	26	22	19
gene52	4748	4691	4673	4618	4649	4527	4582	4725	4631	4617
gene53	229	234	231	223	230	230	237	228	239	273
gene54	16	21	17	20	20	21	21	27	20	14
gene55	15	18	20	22	15	15	25	24	15	16
gene56	26	22	20	19	15	15	24	20	23	29
gene57	165	152	176	149	142	142	139	169	119	148
gene58	5620	5813	5615	5598	5714	5698	5602	5876	5669	5789
gene59	2404	2358	2310	2386	2365	2385	2324	2378	2322	2318
gene60	7535	7427	7510	7453	7412	7342	7574	7623	7423	7499
gene61	2795	2611	2649	2735	2596	2709	2692	2584	2730	2681
gene62	5697	5506	5559	5408	5522	5506	5474	5414	5502	5521
gene63	382	377	386	375	367	386	369	361	350	371
gene64	60	46	43	42	61	53	45	41	57	53
gene65	44	31	42	47	51	59	50	47	49	44
gene66	515	498	550	544	494	534	552	501	496	565
gene67	720	751	735	700	786	722	748	750	735	750
gene68	34	23	27	38	41	32	32	30	35	31
gene69	10033	9878	9949	9921	9964	9891	9946	10085	9948	9879
gene70	84	84	73	92	95	93	83	100	75	89
gene71	7503	7374	7356	7403	7410	7363	7375	7234	7514	7267
gene72	3704	3799	3864	3676	3662	3718	3713	3642	3722	3568
gene73	4601	4382	4649	4638	4558	4483	4551	4705	4362	4602
gene74	7816	7848	7842	7764	7836	7907	7925	7790	7783	7821
gene75	2256	2382	2373	2324	2391	2319	2353	2395	2385	2433
gene76	471	488	463	472	466	456	446	446	462	483
gene77	65	75	75	64	59	128	127	134	134	138
gene78	7783	7647	7777	7601	7837	7796	7834	7643	7622	7780
gene79	79	103	73	92	60	92	93	85	65	93
gene80	3198	3127	3187	3136	3207	3241	3124	3183	3163	3078
gene81	834	818	757	848	762	834	856	853	790	847
gene82	1461	1531	1478	1456	1502	1496	1512	1548	1550	1471
gene83	14	27	20	20	18	12	23	22	25	22
gene84	1899	1925	1910	1897	1938	1912	1985	1913	1836	1905
gene85	7006	7110	6974	7076	7334	7065	7193	7116	6893	6989
gene86	6453	6698	6433	6439	6550	6872	6505	6527	6646	6509
gene87	3121	3128	3068	3038	3116	3156	3094	3109	3030	3151
gene88	16	22	15	10	20	14	10	12	12	13
gene89	180	168	158	167	167	170	138	159	155	168
gene90	1354	1381	1362	1339	1406	1374	1363	1274	1272	1279
gene91	317	315	325	263	309	311	273	293	302	279
gene92	414	439	403	429	468	873	900	906	868	894
gene93	214	224	212	206	220	210	222	223	243	228
gene94	21	24	35	32	23	20	23	23	26	24
gene95	1322	1288	1322	1290	1226	2533	2559	2634	2576	2545
gene96	5796	5889	5857	6023	5895	5922	5884	5837	5982	5856
gene97	4907	4653	4887	4865	4923	4897	4828	4834	4786	4845
gene98	7125	7050	7212	7120	7179	7142	7100	7087	7233	7234
gene99	43	41	42	51	43	42	42	47	48	46
gene100	4738	4950	4834	4903	4748	4811	4784	4807	4916	4831
gene101	1586	1603	1664	1633	1583	1658	1648	1656	1634	1602
gene102	99	92	92	92	90	83	102	90	83	103
gene103	6523	6501	6619	6460	6414	6515	6477	6468	6436	6362
gene104	1996	1931	1964	1949	2022	1965	1916	2032	1931	1903
gene105	7789	7671	7781	7568	7637	7638	7644	7793	7572	7660
gene106	74	79	62	64	66	149	153	150	143	127
gene107	945	914	935	929	963	929	938	921	951	923
gene108	287	278	289	260	304	286	264	289	271	290
gene109	224	228	235	248	230	250	240	221	207	235
gene110	65	58	60	91	63	54	81	56	68	70
gene111	566	548	549	546	569	582	560	578	549	586
gene112	965	1054	1084	1037	1083	1023	1101	1083	1041	1028
gene113	11	17	20	23	15	18	7	14	17	11
gene114	364	370	388	400	431	395	377	411	407	430
gene115	293	299	280	297	309	298	313	296	317	298
gene116	11	14	17	15	21	17	12	11	16	10
gene117	9391	9508	9475	9377	9391	9453	9347	9226	9274	9445
gene118	2818	2690	2767	2822	2708	2677	2703	2703	2788	2746
gene119	3512	3516	3612	3616	3597	7130	7084	7343	7136	7066
gene120	26	20	22	17	30	20	25	18	13	27
gene121	9453	9464	9521	9485	9505	9595	9618	9611	9479	9459
gene122	11	9	5	8	11	25	22	15	25	17
gene123	7570	7452	7351	7482	7339	7538	7501	7367	7568	7563
gene124	36	34	34	32	50	43	34	39	39	31
gene125	448	459	450	449	476	480	434	454	441	423
gene126	113	100	114	83	98	104	94	127	105	102
gene127	347	357	361	354	351	712	713	717	723	730
gene128	2885	2856	2946	2937	2788	5739	5742	5720	5796	5748
gene129	2492	2542	2518	2499	2522	2550	2552	2514	2511	2665
gene130	3163	3060	3047	3136	3018	2985	2959	3069	2942	3038
gene131	4174	4144	4253	4174	4226	4174	4129	4172	4227	4104
gene132	9211	9096	9320	9332	9284	9409	9328	9217	9114	9421
gene133	26	21	32	30	28	49	58	46	55	54
gene134	4896	4921	4906	4948	5037	5040	4964	5171	4895	4911
gene135	31	25	34	31	36	64	60	47	73	69
gene136	29	36	32	32	31	33	34	34	28	36
gene137	5611	5532	5680	5576	5777	5665	5582	5659	5607	5600
gene138	95	88	84	78	100	98	92	84	82	92
gene139	284	268	268	294	296	292	297	269	292	277
gene140	230	214	191	204	213	227	207	204	218	212
gene141	244	246	218	245	253	239	213	234	243	233
gene142	26	35	28	31	39	94	76	84	68	65
gene143	133	97	109	103	117	131	105	109	122	111
gene144	13	8	10	9	10	25	24	20	21	20
gene145	399	409	425	447	419	446	394	413	407	378
gene146	3734	3633	3701	3683	3741	7576	7488	7374	7549	7432
gene147	173	167	185	161	181	161	166	137	166	169
gene148	864	880	864	909	861	936	876	850	887	869
gene149	768	696	716	779	754	782	753	741	753	722
gene150	476	444	471	498	469	529	508	512	509	505
gene151	5	11	4	11	14	7	13	14	8	10
gene152	5320	5156	5310	5360	5284	5204	5285	5391	5329	5309
gene153	7542	7538	7536	7659	7450	7465	7484	7542	7511	7548
gene154	84	67	64	69	71	77	78	74	84	81
gene155	167	178	170	176	165	171	186	166	190	158
gene156	72	64	67	97	77	181	170	140	163	127
gene157	55	60	54	49	56	57	47	61	61	56
gene158	2235	2268	2253	2288	2205	2278	2258	2273	2229	2268
gene159	2091	2070	2046	2081	2018	1974	2094	2035	2024	1972
gene160	40	45	40	33	47	33	40	28	36	36
gene161	1791	1826	1742	1770	1889	1824	1803	1854	1752	1921
gene162	158	159	178	162	178	162	187	160	194	191
gene163	92	89	114	96	98	90	93	98	103	91
gene164	1505	1557	1526	1613	1506	1476	1509	1558	1523	1539
gene165	2974	2916	2900	3015	2927	2896	3009	3039	2868	2937
gene166	1603	1541	1580	1576	1584	1600	1600	1589	1551	1601
gene167	5759	5938	5793	5917	5933	5775	5987	6010	5930	5858
gene168	841	770	833	774	844	737	788	815	818	791
gene169	77	77	80	70	81	153	139	140	128	134
gene170	2583	2457	2519	2537	2573	2513	2444	2586	2536	2537
gene171	1120	1144	1112	1098	1175	1131	1117	1173	1171	1175
gene172	24	26	16	22	30	28	28	28	22	24
gene173	1348	1436	1341	1365	1401	1332	1428	1414	1308	1372
gene174	15	28	20	17	25	14	15	12	19	17
gene175	6101	6249	6091	6052	6132	5957	6082	5971	6060	6152
gene176	69	55	56	68	64	66	61	67	61	74
gene177	463	475	442	472	426	899	930	884	858	880
gene178	255	220	243	257	254	237	254	264	260	250
gene179	10152	10032	9971	10190	10108	10003	10138	10026	10089	9918
gene180	3256	3243	3294	3307	3206	6492	6466	6414	6348	6431
gene181	2191	2079	2050	2039	2028	2074	2082	2048	2070	2151
gene182	59	67	78	74	62	61	65	66	73	73
gene183	8462	8738	8653	8583	8773	8665	8559	8547	8561	8729
gene184	1662	1726	1709	1743	1722	1634	1689	1685	1727	1649
gene185	4	18	14	13	9	14	11	9	21	12
gene186	4492	4396	4475	4449	4397	4534	4485	4514	4613	4426
gene187	419	399	408	466	417	404	409	431	392	402
gene188	47	58	46	57	61	63	72	70	55	57
gene189	2772	2839	2961	2887	2869	2736	2879	2883	2838	2833
gene190	4337	4426	4296	4310	4414	4369	4405	4278	4503	4421
gene191	2504	2620	2562	2622	2505	2565	2488	2510	2486	2515
gene192	488	508	482	466	501	474	453	496	511	482
gene193	292	284	286	301	297	271	308	287	294	306
gene194	1166	1158	1122	1151	1136	1159	1091	1150	1152	1149
gene195	489	443	443	437	464	484	452	442	466	485
gene196	301	321	320	261	314	611	605	634	579	648
gene197	354	383	296	327	347	314	345	348	332	325
gene198	16	18	11	17	16	13	7	21	15	13
gene199	255	256	283	264	248	275	286	249	256	282
gene200	7	10	16	6	16	29	27	21	16	26
gene201	16	9	11	15	13	13	11	17	8	10
gene202	482	483	390	434	469	500	470	441	449	460
gene203	4394	4410	4387	4379	4204	4346	4351	4288	4232	4384
gene204	3878	3922	3774	3848	3768	3725	3818	3812	3796	3874
gene205	287	303	305	285	295	323	309	294	297	302
gene206	188	193	176	168	193	183	193	179	160	187
gene207	34	31	37	30	17	27	30	31	25	38
gene208	2366	2404	2362	2321	2434	2351	2349	2432	2417	2434
gene209	105	99	111	106	133	115	101	114	111	107
gene210	601	668	621	629	647	649	629	705	625	620
gene211	176	179	160	172	190	187	171	183	169	164
gene212	827	805	866	793	811	811	794	822	805	759
gene213	788	881	832	865	836	832	855	840	831	842
gene214	7458	7685	7592	7636	7696	15134	15050	15124	15170	15114
gene215	7980	8065	8087	7907	8070	7861	8055	8209	8012	8039
gene216	2118	2060	2157	2023	2070	2065	2072	2081	2127	1981
gene217	21	29	34	17	20	20	21	21	27	32
gene218	7405	7382	7257	7360	7246	7253	7362	7521	7402	7386
gene219	5171	5110	5167	5257	5094	5195	5215	5216	5079	5052
gene220	281	269	282	279	242	270	264	278	289	270
gene221	2852	2699	2806	2695	2676	2735	2797	2653	2785	2584
gene222	35	39	37	36	33	32	31	39	39	36
gene223	1497	1452	1485	1467	1520	1465	1506	1522	1523	1538
gene224	253	232	267	247	261	226	250	233	236	209
gene225	14	14	14	17	18	20	24	19	17	17
gene226	5850	5599	5948	5786	5762	5761	5736	5648	5599	5700
gene227	43	52	53	54	51	45	42	51	71	38
gene228	6460	6357	6321	6606	6321	12657	12635	12808	12698	12818
gene229	82	59	73	69	73	64	57	76	71	74
gene230	75	86	104	89	81	168	172	154	165	154
gene231	824	848	783	780	810	833	810	780	765	800
gene232	102	102	102	107	94	96	95	122	91	101
gene233	554	560	558	578	541	578	635	635	592	565
gene234	5778	5708	5703	5787	5672	5568	5641	5788	5771	5702
gene235	697	714	717	667	691	696	701	698	736	724
gene236	23	17	19	10	13	18	11	22	17	23
gene237	62	59	60	60	60	44	49	51	62	47
gene238	50	54	38	45	49	45	35	55	50	59
gene239	1032	1009	1006	1060	994	1048	1083	1044	1071	959
gene240	27	25	33	29	31	31	24	19	34	26
gene241	1185	1174	1229	1211	1198	1269	1187	1251	1247	1218
gene242	93	103	95	100	113	112	104	109	106	95
gene243	141	158	149	147	152	149	130	152	152	155
gene244	17	19	11	13	22	35	36	46	41	29
gene245	2345	2279	2243	2237	2267	2246	2274	2299	2276	2276
gene246	1384	1411	1429	1405	1343	1388	1366	1367	1443	1408
gene247	40	38	24	41	51	51	33	42	48	45
gene248	1773	1728	1742	1836	1764	1788	1830	1771	1813	1755
gene249	123	114	120	117	118	125	122	125	127	111
gene250	1440	1352	1471	1427	1397	1523	1452	1476	1435	1482
gene251	3074	3302	3038	3139	3111	3180	3110	3159	3153	3221
gene252	1614	1545	1619	1622	1704	3397	3232	3254	3273	3275
gene253	41	46	47	36	42	42	30	42	42	48
gene254	39	50	35	41	36	31	39	41	40	30
gene255	56	56	58	61	68	58	70	63	69	54
gene256	6834	6855	6739	6728	7003	6666	6778	6902	6872	6742
gene257	449	422	421	463	447	436	424	419	395	450
gene258	150	132	179	119	171	147	166	174	150	148
gene259	392	467	398	447	465	457	394	406	465	449
gene260	123	145	165	131	155	311	274	270	285	287
gene261	4624	4584	4542	4568	4549	4653	4535	4567	4583	4622
gene262	476	494	520	472	540	516	492	509	504	509
gene263	309	307	318	316	271	328	280	307	316	322
gene264	1653	1733	1782	1741	1754	1707	1770	1777	1737	1840
gene265	1471	1442	1477	1387	1388	1392	1492	1386	1461	1474
gene266	334	314	332	329	315	300	295	302	310	311
gene267	9060	9210	8901	9068	9165	9191	9161	9257	9079	8913
gene268	232	237	246	257	224	253	203	229	231	229
gene269	16	24	19	17	14	22	22	16	18	20
gene270	7	17	10	13	14	24	11	16	11	15
gene271	9	10	12	11	9	11	14	8	11	6
gene272	7006	6758	6906	6806	6992	6726	6905	6836	6807	6712
gene273	1565	1564	1559	1507	1489	1448	1492	1475	1472	1506
gene274	1310	1319	1277	1317	1326	1283	1313	1203	1339	1260
gene275	591	594	613	631	576	611	581	608	622	611
gene276	395	367	377	392	384	390	378	418	401	375
gene277	54	56	62	74	72	65	67	58	60	55
gene278	584	582	574	593	561	595	588	580	594	592
gene279	13	17	13	16	11	15	13	16	17	20
gene280	1979	2053	1973	2137	2151	4143	4117	4203	4252	4237
gene281	13	12	11	17	16	16	14	20	21	14
gene282	65	57	77	67	87	74	70	71	70	82
gene283	2362	2205	2307	2307	2377	2346	2317	2298	2298	2277
gene284	5446	5453	5399	5470	5479	5490	5386	5479	5367	5492
gene285	362	393	367	396	403	359	370	361	364	383
gene286	113	110	117	117	100	104	108	105	126	115
gene287	866	835	846	794	800	875	899	829	860	860
gene288	321	333	336	307	287	330	315	311	310	287
gene289	6098	6169	6146	6144	6095	6164	6078	6045	6004	6072
gene290	8261	8301	8128	8144	8189	8262	8062	8237	8146	8169
gene291	1359	1299	1395	1306	1373	1326	1354	1308	1346	1295
gene292	31	49	31	35	31	49	32	42	38	54
gene293	4005	3980	4009	4013	3995	4164	4024	4098	4043	4018
gene294	50	45	55	41	50	44	37	53	36	62
gene295	1315	1218	1383	1274	1268	1286	1310	1257	1331	1287
gene296	9061	9135	8908	8949	8795	8972	9015	9143	9006	9046
gene297	23	28	25	25	25	18	31	29	24	32
gene298	1745	1785	1813	1822	1813	1809	1760	1787	1812	1822
gene299	170	172	157	163	162	169	183	165	157	162
gene300	5154	5041	5074	5104	5084	4993	5093	5103	4998	4951
gene301	615	582	624	571	592	1234	1256	1217	1201	1246
gene302	29	19	17	18	11	18	13	20	19	20
gene303	717	732	672	718	657	669	687	689	674	718
gene304	512	471	470	467	491	465	477	479	482	481
gene305	66	79	64	76	78	93	67	82	78	71
gene306	1526	1521	1543	1481	1465	1539	1552	1584	1535	1497
gene307	1282	1331	1277	1261	1281	2503	2537	2562	2573	2576
gene308	741	683	746	741	741	751	745	731	731	758
gene309	43	41	50	43	36	56	49	44	55	50
gene310	233	233	212	250	234	232	220	222	218	229
gene311	6067	6116	6122	6037	6120	6120	6085	5914	5951	6122
gene312	24	25	26	36	30	22	22	38	31	19
gene313	57	46	56	50	46	94	125	99	86	109
gene314	572	620	564	642	622	564	618	625	620	604
gene315	988	995	1013	1052	1044	1005	958	1075	1011	1051
gene316	869	853	819	873	857	849	877	859	862	846
gene317	30	38	35	31	41	36	33	41	37	36
gene318	93	89	101	97	98	80	88	89	94	98
gene319	39	56	60	34	40	45	43	48	53	38
gene320	356	364	387	377	387	399	381	406	450	425
gene321	700	672	712	643	665	694	671	686	696	686
gene322	4086	4240	4124	4142	4103	4191	4141	4113	4168	4066
gene323	299	300	298	299	314	292	314	321	266	295
gene324	2424	2424	2303	2272	2260	4587	4694	4564	4637	4580
gene325	165	170	179	157	137	145	156	166	162	150
gene326	23	34	20	22	19	21	21	22	20	17
gene327	977	956	950	992	1005	920	947	980	942	976
gene328	32	30	18	18	28	34	18	29	27	30
gene329	1908	1828	1856	1941	1816	1890	1920	1864	1966	1984
gene330	31	33	21	28	22	46	46	58	45	45
gene331	124	123	123	135	138	150	116	118	119	116
gene332	694	694	711	688	753	705	743	761	705	692
gene333	2391	2465	2400	2358	2483	2427	2333	2409	2353	2389
gene334	38	35	36	34	51	41	42	40	35	45
gene335	6567	6596	6571	6647	6521	6490	6616	6572	6592	6451
gene336	11	20	12	11	16	19	14	13	11	13
gene337	17	6	12	13	11	23	25	24	20	31
gene338	15	17	14	15	15	23	22	11	11	15
gene339	148	143	160	147	167	163	147	152	161	151
gene340	94	101	110	95	107	92	105	104	124	124
gene341	31	27	34	43	34	32	42	28	30	19
gene342	8	7	14	14	11	13	15	7	13	12
gene343	3042	2839	2900	2835	2938	2870	2929	2794	3011	2790
gene344	1843	1743	1787	1771	1789	1845	1738	1765	1764	1772
gene345	186	178	182	195	172	315	335	367	369	349
gene346	876	923	930	889	833	933	886	894	829	849
gene347	124	124	135	128	140	124	152	145	134	139
gene348	6573	6685	6704	6618	6664	6653	6627	6572	6783	6558
gene349	5873	5825	5880	5878	5843	5874	5847	5869	5797	5955
gene350	1356	1451	1433	1429	1391	2785	2784	2700	2851	2785
gene351	420	399	463	449	435	426	398	463	424	456
gene352	469	520	470	472	511	495	468	512	504	487
gene353	4127	4175	4087	4035	4053	4088	4049	4161	4045	4137
gene354	374	361	373	354	388	382	371	385	356	393
gene355	133	147	122	112	120	276	259	260	255	259
gene356	32	28	18	32	23	29	30	26	23	28
gene357	716	645	699	751	685	719	694	722	712	702
gene358	937	940	922	911	945	901	901	932	927	913
gene359	1969	1985	1942	1907	2051	1946	2055	1931	1874	1951
gene360	260	233	261	254	243	531	483	524	498	467
gene361	398	386	439	447	410	415	411	437	400	405
gene362	2581	2583	2571	2558	2650	5209	5049	5242	5097	5087
gene363	126	113	119	120	99	132	108	112	111	127
gene364	128	122	167	145	137	146	126	157	146	153
gene365	301	329	312	275	309	333	309	307	319	328
gene366	3817	3796	3795	3725	3725	3685	3720	3799	3747	3789
gene367	1597	1601	1617	1555	1646	1536	1516	1505	1594	1610
gene368	24	17	29	20	23	23	17	23	17	16
gene369	746	734	723	767	728	778	737	699	775	710
gene370	15	15	21	18	19	18	12	16	20	14
gene371	325	321	323	305	307	292	321	337	312	344
gene372	302	317	295	286	291	294	290	275	285	312
gene373	57	55	58	75	55	63	66	66	66	65
gene374	460	485	457	494	493	935	978	965	948	963
gene375	301	305	297	281	303	288	301	298	293	291
gene376	30	30	35	28	38	25	46	27	29	24
gene377	459	437	430	456	447	441	473	422	420	449
gene378	197	188	175	179	207	208	196	205	178	205
gene379	98	82	93	87	99	103	96	77	90	101
gene380	160	178	153	165	165	144	185	163	154	141
gene381	112	122	96	120	104	233	216	229	216	206
gene382	71	69	74	55	56	58	71	59	65	61
gene383	1064	1049	1049	1054	1068	2057	2074	2105	2044	2072
gene384	9456	9899	9676	9617	9648	9549	9778	9660	9503	9565
gene385	2655	2605	2603	2647	2668	2612	2781	2620	2608	2593
gene386	420	448	458	486	454	458	442	472	433	460
gene387	194	196	183	170	194	213	205	191	196	219
gene388	85	92	130	104	85	206	226	191	203	206
gene389	3318	3288	3272	3301	3231	3168	3224	3217	3351	3325
gene390	7795	7844	7656	7804	7756	8016	7791	7900	7827	7800
gene391	101	91	84	56	62	80	72	71	82	75
gene392	2275	2322	2385	2343	2405	2383	2383	2285	2344	2476
gene393	1711	1717	1729	1706	1666	1721	1747	1710	1669	1660
gene394	10	9	17	4	12	10	6	5	9	10
gene395	684	728	659	703	656	700	676	687	728	699
gene396	18	25	22	29	20	22	34	27	27	26
gene397	44	50	35	42	49	40	50	51	41	55
gene398	354	405	408	327	378	389	375	393	391	372
gene399	87	80	69	75	82	78	82	94	80	80
gene400	20	23	12	25	18	18	16	14	16	14
gene401	363	330	368	396	381	753	749	781	719	742
gene402	1546	1446	1459	1410	1430	1455	1422	1460	1379	1470
gene403	160	159	157	133	153	174	168	151	182	153
gene404	37	27	26	25	19	26	34	26	30	43
gene405	7275	7085	7339	7182	7146	7285	7408	7179	7352	7313
gene406	563	569	544	579	581	560	548	529	514	552
gene407	1938	1989	1968	1968	2039	3826	3902	3890	3923	3937
gene408	206	176	200	180	199	189	197	178	178	189
gene409	27	38	25	36	32	40	36	41	36	44
gene410	1145	1115	1164	1165	1124	1205	1241	1167	1143	1161
gene411	478	499	475	471	494	507	522	446	480	481
gene412	2128	2135	2089	2084	2035	2042	2017	1976	1963	2093
gene413	10	4	8	14	12	20	11	7	9	14
gene414	403	383	443	385	392	414	427	395	440	404
gene415	204	216	260	246	238	237	246	236	223	259
gene416	39	48	47	43	48	86	77	81	78	88
gene417	79	87	101	81	100	94	95	110	104	105
gene418	148	156	142	157	149	155	145	160	168	150
gene419	87	88	81	83	75	73	88	86	96	90
gene420	1380	1311	1362	1251	1338	1252	1363	1330	1341	1239
gene421	242	258	241	238	260	267	220	238	242	204
gene422	12	15	11	7	12	8	20	10	14	11
gene423	1649	1718	1624	1671	1653	1654	1841	1684	1604	1659
gene424	17	11	20	8	10	9	12	15	24	12
gene425	1012	1003	1015	1091	1029	1008	1050	989	1020	992
gene426	75	70	72	71	80	61	68	78	84	74
gene427	77	80	70	85	70	77	82	83	74	78
gene428	895	932	854	858	870	880	887	891	831	894
gene429	28	21	25	15	22	36	20	25	32	28
gene430	7409	7560	7455	7356	7344	7469	7424	7403	7289	7426
gene431	185	212	179	177	193	215	209	172	192	217
gene432	209	233	215	272	244	225	234	210	229	250
gene433	400	429	402	378	416	391	377	432	384	433
gene434	234	207	219	216	284	233	247	210	218	221
gene435	169	172	177	158	155	173	180	169	147	141
gene436	27	28	31	25	33	30	32	26	26	36
gene437	55	46	38	44	38	42	41	39	45	31
gene438	92	97	90	88	77	95	101	85	100	97
gene439	44	51	56	46	53	56	56	61	57	61
gene440	7031	7029	6912	7075	7018	14073	13903	14053	14178	14110
gene441	698	656	713	687	699	672	694	668	697	651
gene442	4112	3966	3958	4085	4042	4093	3988	4161	4036	3987
gene443	7275	7453	7385	7562	7360	7461	7395	7485	7317	7437
gene444	1898	1823	1963	1869	1851	1830	1821	1893	1823	1890
gene445	40	44	49	50	58	38	41	48	59	42
gene446	31	23	26	24	27	24	29	27	27	28
gene447	248	282	254	277	278	237	255	267	266	253
gene448	115	121	109	116	139	237	263	234	220	238
gene449	646	568	599	613	563	604	588	633	585	594
gene450	9677	9599	9779	9632	9550	9619	9630	9603	9694	9676
gene451	422	387	443	415	418	441	443	392	427	451
gene452	1024	1007	1066	1054	1015	1037	1047	1041	1025	1057
gene453	1296	1360	1255	1303	1387	1319	1276	1332	1293	1307
gene454	2670	2686	2573	2655	2548	2551	2618	2659	2621	2621
gene455	117	110	104	106	92	118	101	107	113	100
gene456	385	360	376	309	364	348	355	378	372	374
gene457	39	30	39	35	44	34	37	31	37	40
gene458	2101	2201	2149	2259	2294	2180	2142	2124	2158	2153
gene459	14	8	8	4	7	11	6	9	7	14
gene460	6551	6483	6674	6596	6662	6657	6484	6622	6639	6561
gene461	4390	4315	4371	4416	4457	4484	4353	4453	4302	4452
gene462	4892	4828	4876	4888	4745	9594	9667	9616	9773	9696
gene463	246	229	227	246	235	225	240	215	225	218
gene464	682	633	686	628	650	626	629	655	674	698
gene465	151	112	147	119	155	127	160	123	147	152
gene466	154	139	138	142	162	152	163	139	156	125
gene467	46	23	49	34	31	40	41	47	36	38
gene468	89	83	63	61	76	73	57	63	63	70
gene469	5613	5636	5700	5653	5588	5656	5730	5467	5567	5655
gene470	6393	6354	6311	6416	6390	6194	6301	6270	6246	6310
gene471	189	199	189	193	161	384	357	382	377	360
gene472	90	81	69	63	80	77	71	73	77	72
gene473	685	727	681	728	699	662	739	700	684	684
gene474	92	99	103	84	91	97	90	96	99	93
gene475	129	132	110	100	111	138	118	126	112	135
gene476	12	10	7	10	13	13	8	4	10	8
gene477	178	173	181	152	158	333	350	351	343	357
gene478	4104	3948	4133	3970	4028	4066	4058	4044	4055	4041
gene479	79	93	99	67	83	81	103	77	91	68
gene480	1783	1846	1822	1846	1818	1803	1867	1868	1857	1912
gene481	870	876	863	874	810	859	867	848	866	847
gene482	82	89	72	83	79	84	93	92	100	56
gene483	321	312	348	330	314	309	328	321	314	338
gene484	559	523	523	518	507	555	581	553	493	519
gene485	730	726	782	760	747	787	765	736	739	737
gene486	4839	4941	4790	4913	4914	4738	5001	4773	4899	4798
gene487	135	116	105	116	104	113	112	122	124	123
gene488	2349	2375	2395	2349	2275	2294	2369	2286	2334	2287
gene489	889	946	989	940	932	1879	1857	1893	1822	1888
gene490	1932	1887	1953	1981	1945	1843	1850	1878	1907	1983
gene491	255	289	247	268	283	272	284	281	254	260
gene492	70	68	53	91	62	55	56	59	57	69
gene493	1489	1488	1492	1455	1547	1454	1526	1491	1397	1566
gene494	5062	5096	5126	5056	5098	5181	5091	5187	5349	5249
gene495	5	13	15	9	17	11	8	16	11	15
gene496	4376	4430	4382	4490	4576	4521	4350	4465	4459	4409
gene497	289	300	345	296	282	311	281	326	324	330
gene498	8	11	9	9	10	8	9	4	8	14
gene499	1467	1429	1497	1393	1514	1423	1484	1448	1371	1474
gene500	798	867	798	830	798	1676	1652	1706	1656	1672
gene501	45	37	49	31	54	42	34	41	45	43
gene502	4701	4609	4710	4602	4721	4610	4729	4677	4656	4663
gene503	51	62	76	62	62	120	106	118	106	128
gene504	256	265	288	284	282	270	254	299	268	285
gene505	12	11	11	15	15	9	16	19	13	12
gene506	129	145	140	169	143	132	143	154	156	134
gene507	1917	1828	1853	1890	1882	1920	1877	1842	1896	1874
gene508	924	929	1009	982	999	881	985	994	934	933
gene509	3479	3553	3528	3411	3593	3456	3498	3515	3457	3485
gene510	176	182	194	183	192	173	177	191	191	184
gene511	4950	5009	5021	4961	4903	4868	4985	4916	4895	4914
gene512	46	51	50	53	42	58	39	48	48	35
gene513	26	36	37	31	36	25	32	25	38	35
gene514	45	62	41	46	53	47	41	44	49	52
gene515	479	499	500	467	493	485	475	496	514	502
gene516	4964	4927	4960	5016	4938	4949	5106	4953	4960	4936
gene517	19	13	17	12	16	8	14	12	15	6
gene518	700	773	702	732	762	746	741	734	724	729
gene519	17	11	19	14	16	17	21	17	21	20
gene520	170	187	189	170	200	167	166	178	172	173
gene521	41	33	31	32	36	22	29	31	36	36
gene522	31	24	36	24	34	31	32	31	38	26
gene523	13	13	14	12	11	10	14	17	16	14
gene524	52	58	51	57	58	57	52	56	58	58
gene525	183	174	167	173	204	192	201	194	184	189
gene526	47	36	47	36	44	36	31	55	41	31
gene527	10	7	10	11	13	8	13	11	16	9
gene528	102	133	106	124	100	216	218	232	214	220
gene529	7626	7650	7582	7531	7381	7697	7487	7662	7516	7730
gene530	109	98	127	131	109	246	240	207	225	198
gene531	7380	7543	7388	7574	7318	7414	7382	7487	7330	7329
gene532	982	950	1019	912	956	1889	1983	1917	1903	1921
gene533	190	196	233	204	186	173	205	199	217	210
gene534	4957	4699	4716	4723	4744	4766	4680	4788	4668	4708
gene535	1957	1961	1928	1964	1954	3925	3947	3813	3896	3899
gene536	20	14	19	18	24	18	29	26	21	22
gene537	79	83	97	93	94	86	88	85	85	85
gene538	1495	1509	1558	1468	1454	1489	1480	1494	1544	1502
gene539	49	65	49	55	60	53	64	57	65	74
gene540	19	15	21	18	16	12	19	16	25	15
gene541	9195	9042	9221	9176	8802	18112	18036	17867	18164	17889
gene542	13	18	10	10	12	17	17	16	12	13
gene543	87	83	91	90	70	76	93	83	79	81
gene544	363	381	363	349	350	355	345	337	382	369
gene545	2460	2266	2268	2326	2369	2396	2325	2334	2429	2275
gene546	253	255	233	228	240	248	250	240	239	225
gene547	36	54	43	42	50	44	50	39	54	48
gene548	15	11	11	7	15	8	17	16	10	15
gene549	621	675	587	581	602	636	609	583	631	653
gene550	11	7	11	8	11	10	15	7	6	9
gene551	56	59	40	57	46	49	38	46	34	63
gene552	857	877	897	902	937	925	867	902	867	933
gene553	20	34	39	30	27	25	23	25	32	29
gene554	300	266	281	296	283	307	256	280	284	307
gene555	70	63	64	52	58	56	66	54	59	56
gene556	3505	3456	3506	3317	3449	3406	3432	3471	3523	3438
gene557	1507	1652	1657	1586	1596	1593	1590	1603	1623	1619
gene558	6953	6889	7000	7067	6993	6879	7114	7046	7150	6899
gene559	1809	1831	1842	1784	1776	1733	1787	1724	1794	1835
gene560	424	443	443	449	458	945	872	853	848	864
gene561	3703	3781	3710	3631	3641	3661	3754	3714	3627	3690
gene562	1174	1203	1146	1263	1178	1135	1186	1193	1204	1149
gene563	3989	4064	4034	3980	3938	4070	3990	3945	4106	3959
gene564	1677	1620	1708	1714	1644	1720	1703	1767	1726	1672
gene565	1282	1315	1239	1313	1312	1310	1277	1296	1306	1348
gene566	449	432	464	416	421	465	437	439	455	446
gene567	70	57	52	58	61	57	63	55	71	59
gene568	96	122	112	105	142	234	246	272	239	274
gene569	1917	2057	1942	1904	1933	1879	1944	1975	1950	1918
gene570	402	389	402	443	405	395	404	421	402	406
gene571	37	20	16	14	37	31	24	36	31	22
gene572	30	26	30	28	31	31	26	25	33	26
gene573	56	40	47	44	46	37	52	36	51	47
gene574	224	240	220	216	224	222	243	214	207	202
gene575	88	83	78	87	67	65	72	70	74	85
gene576	62	69	74	63	71	76	75	92	76	62
gene577	65	63	76	60	74	58	67	69	67	56
gene578	251	265	256	257	269	271	253	286	259	289
gene579	3028	3086	2994	3020	3015	3001	3031	3109	2999	3091
gene580	588	603	618	624	582	612	602	621	591	594
gene581	142	143	131	143	125	135	132	140	150	143
gene582	1550	1490	1538	1517	1583	1532	1522	1538	1625	1578
gene583	134	130	139	126	128	130	114	103	139	119
gene584	5293	5379	5214	5326	5385	5257	5289	5375	5181	5353
gene585	60	41	52	67	45	63	59	50	38	46
gene586	699	665	701	742	673	733	747	699	700	740
gene587	19	24	19	20	25	19	32	20	15	36
gene588	97	95	115	127	84	121	105	86	103	103
gene589	1654	1538	1617	1538	1583	1646	1580	1556	1649	1582
gene590	303	275	281	275	296	313	278	288	283	290
gene591	87	108	124	112	117	120	112	136	121	122
gene592	266	282	274	280	271	241	282	267	260	274
gene593	52	43	55	51	41	39	46	48	48	63
gene594	1524	1493	1530	1513	1461	1503	1465	1531	1631	1578
gene595	122	138	112	122	121	113	106	123	121	106
gene596	40	42	39	38	47	41	43	40	44	42
gene597	2176	2129	2168	2196	2116	2120	2204	2050	2171	2166
gene598	1989	2054	2042	1968	2023	2016	2014	2022	2012	2134
gene599	1287	1383	1311	1292	1304	1260	1327	1343	1285	1303
gene600	230	200	207	169	228	237	181	202	201	206
gene601	1558	1512	1579	1531	1592	1613	1493	1614	1596	1580
gene602	219	266	254	227	242	230	261	263	235	227
gene603	703	716	721	728	674	715	711	766	776	722
gene604	15	17	13	13	11	16	18	18	9	21
gene605	1318	1306	1279	1309	1302	1271	1305	1286	1284	1290
gene606	61	59	72	57	68	47	63	65	60	51
gene607	1540	1584	1609	1571	1597	1570	1513	1617	1502	1577
gene608	2576	2481	2592	2580	2648	5103	5135	5250	5291	5142
gene609	7486	7385	7386	7396	7401	7278	7411	7435	7452	7451
gene610	108	105	103	90	103	93	107	99	109	100
gene611	1146	1165	1100	1113	1159	1163	1123	1156	1191	1157
gene612	416	464	447	437	488	452	418	477	448	462
gene613	3697	3717	3809	3755	3648	7661	7584	7687	7575	7465
gene614	300	278	316	309	264	313	293	289	290	312
gene615	240	219	266	249	247	241	240	252	232	245
gene616	164	183	185	187	183	171	165	178	197	180
gene617	160	150	152	129	166	130	139	132	160	153
gene618	3396	3474	3447	3360	3394	3379	3312	3393	3316	3377
gene619	33	37	36	41	36	37	41	38	38	32
gene620	129	119	127	133	132	145	126	127	116	141
gene621	2997	3024	3017	2901	2929	2972	3015	3009	3068	2983
gene622	4441	4330	4418	4346	4300	4322	4444	4341	4283	4380
gene623	379	412	406	399	427	412	413	397	376	368
gene624	3280	3230	3255	3276	3354	3298	3251	3271	3280	3268
gene625	80	73	73	69	74	62	61	83	69	69
gene626	267	289	301	266	285	282	281	291	331	326
gene627	25	26	46	34	28	34	47	31	43	42
gene628	4326	4379	4479	4399	4313	4391	4301	4362	4337	4361
gene629	973	1002	994	978	952	922	891	976	978	985
gene630	3862	3725	3670	3726	3684	3768	3643	3737	3754	3694
gene631	284	261	300	284	289	236	271	256	279	298
gene632	434	472	441	436	460	425	425	454	482	425
gene633	21	14	24	18	20	17	8	12	15	22
gene634	50	45	50	64	47	59	56	54	51	43
gene635	7549	7561	7625	7571	7524	7491	7582	7603	7673	7494
gene636	399	395	409	396	404	400	395	398	380	407
gene637	75	71	82	72	66	138	133	152	140	137
gene638	26	19	29	28	28	38	29	31	17	19
gene639	293	270	324	295	299	316	304	310	334	327
gene640	8778	8797	8770	8812	8932	8883	8835	8779	8821	8821
gene641	146	132	144	127	132	127	135	143	131	120
gene642	2726	2705	2740	2728	2657	2727	2832	2691	2735	2700
gene643	3460	3451	3275	3486	3415	3423	3386	3365	3445	3405
gene644	452	437	453	477	455	917	921	881	903	913
gene645	4955	4738	4823	4842	4661	4902	4819	4848	4914	4738
gene646	521	511	539	507	568	546	576	567	535	541
gene647	2807	2923	2914	2800	2981	2897	2956	2913	2854	2878
gene648	46	62	43	65	57	53	45	51	51	47
gene649	338	374	366	370	334	345	347	382	315	333
gene650	92	102	102	114	106	104	104	105	102	101
gene651	69	58	90	76	84	85	63	67	82	65
gene652	11	13	15	6	9	15	12	10	9	7
gene653	542	547	586	528	578	614	579	571	540	572
gene654	356	369	375	347	328	349	318	393	377	380
gene655	32	21	42	29	29	38	26	42	37	45
gene656	359	301	336	288	296	293	307	317	321	310
gene657	2156	2278	2163	2238	2229	2220	2206	2233	2261	2264
gene658	722	699	713	701	749	686	709	703	703	717
gene659	6	8	8	7	14	14	12	16	10	8
gene660	1881	1978	2019	1987	1889	1966	1921	1880	1929	1940
gene661	96	88	102	96	85	81	103	96	98	96
gene662	352	365	360	402	372	373	375	375	391	358
gene663	131	106	123	134	117	234	257	242	263	266
gene664	36	15	20	19	23	25	24	41	22	34
gene665	8120	8072	8231	8029	8155	8174	7997	8038	7932	8076
gene666	3570	3611	3503	3513	3560	3539	3662	3662	3602	3491
gene667	990	1007	975	978	976	1989	1978	2009	1946	1874
gene668	157	156	156	152	140	283	305	292	277	280
gene669	334	312	313	313	334	338	333	314	322	292
gene670	5275	5038	5054	5124	5196	5083	5183	5182	5082	5245
gene671	31	28	29	23	32	32	33	31	36	36
gene672	645	672	673	681	633	694	695	660	721	659
gene673	7196	7241	7221	7387	7130	7273	7238	7346	7264	7268
gene674	3229	3216	3201	3331	3215	3291	3237	3251	3274	3339
gene675	261	268	261	276	280	287	265	301	246	258
gene676	33	33	26	34	33	25	32	38	25	29
gene677	522	514	483	553	545	1008	977	977	1003	1002
gene678	65	70	67	80	78	75	68	74	56	63
gene679	40	43	41	36	35	67	77	78	89	74
gene680	6168	6222	6297	6276	6190	6331	6184	6198	6208	6211
gene681	2405	2333	2347	2464	2390	2451	2451	2369	2400	2385
gene682	57	53	52	66	44	65	64	57	66	67
gene683	14	18	20	14	26	19	35	24	24	24
gene684	1641	1686	1649	1603	1657	1640	1649	1615	1662	1625
gene685	1412	1442	1374	1373	1386	2630	2702	2761	2776	2769
gene686	48	47	49	41	42	51	44	39	48	66
gene687	2119	1985	2023	1988	2053	2056	2029	2047	1992	2053
gene688	1261	1223	1210	1148	1182	1242	1226	1235	1179	1188
gene689	1053	986	1000	1056	1003	1124	1029	1015	1095	1021
gene690	36	32	39	43	25	44	37	39	46	42
gene691	4774	4962	4889	4920	4755	4824	4950	4845	4817	4871
gene692	17	13	14	17	13	24	13	12	14	13
gene693	3297	3385	3384	3430	3340	3344	3346	3364	3397	3444
gene694	5218	5192	5242	5180	5250	5180	5337	5289	5279	5182
gene695	61	48	52	59	54	50	63	70	47	37
gene696	379	396	415	406	404	800	790	724	742	822
gene697	14	9	5	6	9	8	15	17	11	7
gene698	2357	2390	2484	2476	2412	2442	2425	2385	2495	2398
gene699	70	64	74	77	71	68	62	72	69	78
gene700	954	936	856	909	905	926	874	921	935	951
gene701	3457	3390	3423	3448	3344	3473	3450	3391	3498	3445
gene702	325	351	326	365	324	352	336	353	334	301
gene703	7016	7069	7212	7017	7045	6954	7003	6832	7077	6945
gene704	235	223	238	228	242	229	229	221	219	217
gene705	207	210	225	215	222	219	220	220	211	213
gene706	5693	5531	5535	5716	5632	5677	5660	5758	5554	5678
gene707	9522	9693	9531	9376	9505	9356	9605	9532	9438	9615
gene708	20	25	21	12	24	27	25	15	24	22
gene709	1732	1709	1618	1753	1715	1652	1692	1638	1680	1686
gene710	1446	1457	1362	1449	1484	1493	1434	1519	1531	1426
gene711	16	17	27	16	16	21	15	26	17	18
gene712	43	40	27	43	43	36	44	34	29	30
gene713	1519	1486	1502	1601	1582	1596	1522	1525	1523	1563
gene714	20	30	21	31	21	19	20	24	14	24
gene715	7	12	9	17	12	13	10	18	14	15
gene716	2063	1990	1952	2042	2054	2114	2013	2028	1975	2021
gene717	233	251	245	252	243	527	514	498	457	450
gene718	4865	4782	4803	4823	4939	4794	4760	4690	4906	4800
gene719	73	73	58	79	50	51	72	75	63	63
gene720	636	644	666	677	697	1327	1320	1338	1281	1296
gene721	2833	2784	2883	2798	2820	2715	2845	2870	2820	2839
gene722	95	96	100	122	82	71	103	77	100	90
gene723	108	84	109	106	102	85	83	83	99	99
gene724	1608	1630	1688	1585	1639	1605	1578	1568	1599	1590
gene725	13	10	14	18	9	15	14	8	15	8
gene726	363	354	362	319	311	690	674	727	712	693
gene727	13	17	12	5	11	13	11	15	12	12
gene728	142	124	121	126	118	249	250	249	231	216
gene729	362	368	375	341	348	329	347	386	361	399
gene730	1530	1526	1529	1521	1526	1518	1524	1534	1569	1556
gene731	795	758	761	773	795	759	789	798	756	726
gene732	19	20	21	14	13	27	17	18	22	19
gene733	6528	6679	6473	6539	6649	6645	6666	6511	6493	6632
gene734	627	603	609	623	616	604	652	591	627	605
gene735	1405	1420	1518	1435	1431	1548	1488	1492	1470	1489
gene736	4451	4403	4462	4436	4515	4502	4396	4297	4448	4427
gene737	23	35	32	38	31	29	28	29	25	29
gene738	1831	1827	1930	1838	1833	1864	1801	1841	1879	1854
gene739	21	18	16	25	14	23	23	23	22	23
gene740	31	28	47	41	25	40	40	39	31	34
gene741	13	13	11	15	9	10	13	13	14	9
gene742	841	843	861	825	840	853	886	832	852	871
gene743	176	186	166	178	183	380	365	396	395	417
gene744	580	580	593	574	571	542	565	542	577	560
gene745	1187	1116	1188	1083	1135	1207	1182	1096	1200	1137
gene746	3406	3375	3322	3353	3328	3322	3392	3317	3391	3424
gene747	610	620	662	695	619	619	664	643	617	687
gene748	254	224	230	232	239	245	214	241	246	222
gene749	34	39	31	42	45	39	36	44	37	47
gene750	9794	9776	9857	9920	9750	9713	9729	9685	9871	9790
gene751	6294	6237	6320	6238	6225	6265	6282	6403	6401	6270
gene752	21	23	24	24	20	25	29	19	20	24
gene753	30	12	23	14	9	19	23	21	15	15
gene754	2281	2172	2254	2220	2276	2244	2238	2268	2224	2283
gene755	25	21	27	23	21	21	25	18	19	27
gene756	437	460	421	446	443	438	415	448	417	423
gene757	1195	1189	1300	1232	1222	1264	1301	1233	1178	1213
gene758	35	30	39	44	40	39	32	39	42	47
gene759	168	188	187	182	194	381	375	373	343	396
gene760	134	112	127	126	137	102	125	117	109	145
gene761	373	395	398	416	389	367	409	392	393	413
gene762	146	148	178	152	159	155	145	165	163	143
gene763	19	23	24	24	26	21	24	18	29	32
gene764	2597	2518	2629	2514	2634	2500	2557	2553	2526	2541
gene765	1173	1293	1237	1241	1202	2477	2585	2464	2590	2452
gene766	11	14	13	16	23	11	15	18	10	8
gene767	797	754	770	767	803	790	836	859	772	758
gene768	26	21	14	19	25	22	17	30	12	21
gene769	718	675	647	741	673	725	691	664	681	692
gene770	12	12	11	6	9	14	11	7	12	7
gene771	99	85	79	90	79	79	95	87	107	103
gene772	7253	7306	7228	7237	7195	7303	7288	7342	7065	7189
gene773	333	330	348	325	314	312	286	315	309	334
gene774	1302	1397	1313	1341	1308	1319	1369	1346	1348	1343
gene775	118	125	126	122	116	131	126	157	133	122
gene776	90	81	74	70	83	179	139	172	142	201
gene777	123	119	127	127	111	126	115	143	105	129
gene778	710	795	825	748	811	758	815	784	735	803
gene779	43	43	54	59	38	57	45	38	47	42
gene780	1876	1883	1862	1982	1972	1906	1918	1984	1922	1903
gene781	43	33	26	38	25	38	33	30	33	30
gene782	6236	6462	6420	6422	6390	6509	6418	6215	6401	6326
gene783	98	98	96	97	101	104	111	109	91	112
gene784	923	881	951	880	953	1843	1811	1827	1782	1842
gene785	8733	8585	8689	8611	8781	8902	8584	8613	8625	8660
gene786	3752	3800	3767	3801	3822	7621	7518	7598	7562	7581
gene787	72	75	61	53	47	67	60	64	57	68
gene788	1596	1553	1579	1595	1608	1536	1607	1574	1697	1603
gene789	42	56	66	48	52	48	62	53	54	57
gene790	389	400	421	427	445	425	418	403	456	427
gene791	3108	3107	3143	3048	3149	3205	3123	3070	3035	3138
gene792	839	820	790	868	813	832	810	803	842	843
gene793	204	247	222	210	212	216	230	213	230	195
gene794	163	164	156	171	144	138	152	158	163	149
gene795	3204	3118	3226	3251	3205	3184	3179	3219	3222	3249
gene796	1998	1998	1978	2012	1978	1974	2091	2078	2103	2009
gene797	434	423	484	425	433	439	411	419	442	454
gene798	2063	2023	1998	2110	1995	1969	2046	2024	2000	2080
gene799	1259	1284	1257	1278	1219	1254	1255	1300	1254	1230
gene800	48	61	44	57	61	49	48	42	43	52
gene801	1477	1468	1495	1496	1480	1487	1424	1384	1463	1461
gene802	57	58	43	54	45	50	52	44	51	54
gene803	5893	5968	6057	5796	5961	5848	5813	5909	5875	6014
gene804	2779	2819	2806	2737	2815	2775	2777	2842	2716	2860
gene805	20	18	18	13	21	19	19	20	20	16
gene806	191	185	200	189	185	212	177	188	167	213
gene807	9730	9501	9601	9631	9552	9740	9818	9573	9697	9612
gene808	878	865	885	804	845	847	838	837	810	851
gene809	12	9	12	11	10	11	15	9	13	12
gene810	407	377	361	401	357	350	387	395	349	404
gene811	2090	2115	2122	1987	2169	2128	2114	2093	2079	2129
gene812	108	111	116	109	102	134	130	120	120	111
gene813	28	26	27	31	30	22	24	28	34	35
gene814	5115	5128	5198	5226	5259	5309	5056	5158	5205	5208
gene815	620	660	659	662	599	710	667	629	659	677
gene816	284	259	245	226	236	239	248	250	234	214
gene817	453	442	437	438	438	473	454	470	425	458
gene818	7	6	8	10	8	16	13	10	8	9
gene819	133	126	123	152	164	141	137	134	128	141
gene820	1343	1408	1400	1368	1433	1418	1415	1381	1384	1403
gene821	68	59	79	59	74	71	56	64	73	61
gene822	770	756	782	770	764	1602	1605	1598	1590	1550
gene823	20	18	11	23	21	23	18	22	16	21
gene824	3829	3829	3732	3868	3890	3946	3803	3974	3761	3805
gene825	8	12	7	9	4	8	12	12	10	13
gene826	373	334	363	356	381	358	347	315	364	365
gene827	72	84	69	73	74	80	70	76	66	59
gene828	345	334	368	335	353	354	328	355	363	366
gene829	50	57	57	64	67	112	117	101	105	106
gene830	112	120	108	104	115	116	100	117	103	103
gene831	17	19	20	17	23	20	25	16	15	16
gene832	54	50	41	48	42	42	56	53	54	42
gene833	82	76	102	79	84	88	90	82	88	88
gene834	51	48	44	39	37	44	46	35	46	44
gene835	2600	2618	2548	2574	2657	2570	2616	2691	2613	2599
gene836	16	18	24	30	25	24	25	29	23	16
gene837	8337	8533	8369	8441	8462	8469	8551	8373	8538	8470
gene838	1855	1856	1789	1831	1900	1929	1841	1864	1802	1811
gene839	8	12	8	13	24	21	17	22	16	15
gene840	137	164	144	150	144	298	313	282	312	321
gene841	63	64	54	64	62	62	60	63	76	65
gene842	9974	9666	9661	9999	9904	10040	9663	9626	9722	9911
gene843	663	648	658	592	666	644	637	647	616	666
gene844	544	555	528	549	582	558	577	621	553	581
gene845	20	23	22	23	19	18	19	17	31	23
gene846	710	746	741	761	688	747	705	694	772	716
gene847	859	824	792	828	847	776	775	846	820	837
gene848	199	205	182	212	177	204	154	169	190	173
gene849	5309	5356	5404	5263	5324	5312	5422	5338	5289	5172
gene850	69	64	68	59	67	69	62	60	67	57
gene851	428	414	418	445	420	425	394	421	406	414
gene852	42	37	39	37	38	44	37	38	35	39
gene853	4311	4340	4470	4305	4341	4330	4386	4427	4305	4426
gene854	26	39	21	26	28	34	32	26	31	29
gene855	3155	3148	3060	3101	3023	3172	3082	3147	3081	3116
gene856	11	19	15	9	18	10	20	12	11	17
gene857	1171	1160	1192	1183	1254	1236	1165	1202	1211	1179
gene858	206	208	206	184	219	219	192	172	226	208
gene859	30	23	15	18	26	27	32	29	29	34
gene860	1129	1179	1137	1142	1199	1206	1158	1180	1143	1157
gene861	557	486	502	516	530	499	512	499	544	516
gene862	118	133	107	113	124	144	128	117	138	110
gene863	46	42	30	36	27	38	36	39	40	44
gene864	890	889	915	979	916	895	952	870	967	916
gene865	53	63	52	54	62	53	51	65	56	43
gene866	579	651	577	590	568	602	584	599	579	565
gene867	2143	2093	2119	2133	2110	2117	2051	2199	2114	2141
gene868	53	53	36	46	44	49	42	42	43	46
gene869	77	83	74	104	74	79	69	89	77	68
gene870	112	129	138	115	122	122	114	101	147	109
gene871	1208	1158	1172	1220	1225	1138	1238	1200	1221	1203
gene872	5654	5531	5579	5552	5759	5489	5642	5810	5674	5531
gene873	135	128	156	140	149	135	144	169	133	164
gene874	1386	1399	1392	1377	1380	2874	2850	2810	2783	2783
gene875	262	258	268	259	239	253	276	242	260	256
gene876	20	18	17	13	10	15	19	16	7	8
gene877	22	25	25	33	25	38	39	31	27	33
gene878	336	297	291	286	312	300	305	322	293	290
gene879	30	33	27	28	27	18	21	20	24	38
gene880	115	99	125	84	114	133	109	114	115	103
gene881	31	18	27	28	31	22	24	16	15	15
gene882	73	67	73	65	65	71	50	61	70	72
gene883	27	29	40	30	39	30	37	23	40	31
gene884	60	73	67	55	68	50	45	60	62	66
gene885	1287	1229	1305	1293	1305	1262	1240	1340	1258	1289
gene886	863	878	795	819	796	802	859	828	811	837
gene887	114	112	109	113	121	91	109	111	124	140
gene888	570	549	506	559	574	562	571	515	512	505
gene889	16	16	13	11	8	24	18	18	26	8
gene890	1770	1801	1735	1785	1679	3535	3500	3430	3573	3559
gene891	1731	1759	1753	1759	1758	1696	1759	1754	1763	1670
gene892	13	12	12	7	9	6	9	8	14	12
gene893	49	62	51	51	65	42	42	44	65	54
gene894	68	52	82	75	62	80	69	79	67	69
gene895	36	24	40	32	36	25	38	33	38	45
gene896	2473	2555	2576	2523	2631	2505	2552	2510	2522	2568
gene897	5121	4991	4997	4986	5020	5047	5053	4971	5015	5117
gene898	78	93	79	89	77	186	185	173	190	206
gene899	282	251	246	257	268	509	493	502	502	520
gene900	3073	3115	3035	3250	3068	6348	6148	6175	6368	6287
gene901	546	550	512	536	526	506	533	558	490	513
gene902	1667	1583	1631	1642	1587	3197	3279	3271	3328	3296
gene903	6074	6012	6173	6117	5948	6087	6144	6193	6157	6160
gene904	917	943	939	918	923	981	977	949	930	930
gene905	23	11	14	13	12	15	14	8	13	15
gene906	3924	3944	3901	3943	3934	4012	3845	3919	3991	3885
gene907	3344	3314	3231	3258	3289	3223	3315	3248	3316	3244
gene908	61	59	56	62	74	54	60	48	36	53
gene909	1706	1742	1756	1699	1664	1715	1717	1636	1704	1710
gene910	119	92	93	105	91	99	113	101	91	115
gene911	451	462	476	457	467	479	535	454	451	442
gene912	79	67	80	67	76	66	72	68	58	68
gene913	817	815	800	813	816	1683	1662	1659	1603	1628
gene914	15	20	23	20	19	27	22	21	16	12
gene915	2330	2322	2344	2376	2383	2358	2318	2402	2335	2302
gene916	1480	1489	1453	1438	1491	1423	1473	1533	1448	1526
gene917	1050	1084	1029	1061	1087	1090	1109	1098	1107	1071
gene918	1403	1394	1433	1429	1379	1419	1331	1329	1442	1341
gene919	28	34	31	35	36	37	28	29	35	31
gene920	3407	3535	3369	3548	3386	3483	3464	3474	3453	3393
gene921	28	34	25	22	32	19	26	25	27	39
gene922	9638	9757	9834	9640	9951	9883	9748	9821	9707	9680
gene923	59	37	68	49	54	53	56	46	45	48
gene924	52	50	55	50	45	54	45	46	53	38
gene925	140	146	138	148	135	294	286	296	276	292
gene926	1486	1525	1478	1535	1509	1467	1552	1500	1466	1451
gene927	2358	2410	2297	2356	2426	2290	2349	2398	2383	2313
gene928	120	127	128	124	131	132	122	144	135	143
gene929	900	886	836	850	838	863	857	874	876	924
gene930	681	680	657	639	685	641	686	680	641	671
gene931	14	23	17	22	17	37	32	52	48	48
gene932	58	64	58	73	85	75	67	57	66	74
gene933	91	91	93	80	99	100	83	75	72	87
gene934	4470	4458	4406	4407	4413	4497	4332	4444	4480	4336
gene935	322	267	309	283	279	288	318	266	264	293
gene936	89	85	100	102	103	94	79	92	85	84
gene937	3610	3630	3635	3649	3692	3778	3585	3732	3754	3528
gene938	143	160	147	156	123	142	151	125	150	149
gene939	100	79	95	117	100	98	86	95	105	83
gene940	52	56	64	58	54	112	98	109	118	122
gene941	607	576	613	602	625	547	627	618	608	570
gene942	46	31	40	47	39	41	29	40	41	34
gene943	27	34	39	36	27	30	31	44	32	27
gene944	64	78	68	74	85	89	65	82	65	88
gene945	2494	2520	2514	2537	2497	2643	2564	2541	2524	2513
gene946	2597	2642	2573	2672	2573	2686	2684	2597	2695	2587
gene947	10	16	10	12	14	12	17	19	17	10
gene948	3125	3070	3057	3156	3099	3133	3114	3093	3121	3112
gene949	18	19	17	13	22	24	23	19	16	17
gene950	287	324	331	344	276	644	654	616	635	631
gene951	7519	7378	7342	7281	7387	7320	7396	7362	7440	7186
gene952	3169	3218	3140	3234	3165	3093	3162	3091	3146	3135
gene953	1353	1361	1349	1340	1317	1344	1402	1351	1322	1345
gene954	6285	6288	6252	6363	6226	6318	6422	6278	6179	6301
gene955	1127	1107	1123	1124	1140	1133	1125	1155	1105	1124
gene956	46	40	41	40	37	37	41	40	39	43
gene957	101	100	109	96	103	110	95	116	106	123
gene958	179	196	197	169	162	165	200	164	197	158
gene959	20	19	19	28	26	23	15	19	31	23
gene960	2996	3095	3096	3010	2902	3025	3092	2945	2985	2989
gene961	843	880	843	806	833	857	876	863	847	896
gene962	5188	5101	5359	5284	5356	5208	5276	5167	5201	5294
gene963	397	378	376	419	413	414	402	351	368	403
gene964	12	13	14	24	14	18	19	24	17	12
gene965	635	607	594	602	621	595	626	569	585	555
gene966	523	523	524	514	544	562	506	540	563	516
gene967	228	226	256	212	234	234	202	244	237	248
gene968	41	40	44	38	48	45	34	43	35	39
gene969	447	433	493	434	475	456	426	439	440	473
gene970	8038	7868	7870	7874	8052	7933	7956	8189	7953	7920
gene971	68	74	75	61	58	72	56	73	71	67
gene972	3092	3072	3027	3044	3001	2998	3013	2997	3006	3062
gene973	43	34	53	43	35	44	46	38	38	48
gene974	242	219	242	230	209	221	250	229	225	234
gene975	944	907	850	904	914	871	942	909	930	892
gene976	19	10	19	20	20	21	18	19	17	12
gene977	4079	4131	4087	4071	4165	4265	4249	4283	4249	4283
gene978	14	18	13	14	20	17	9	18	16	18
gene979	2203	2190	2034	2079	2064	2126	2139	2159	2115	2113
gene980	4751	4726	4754	4712	4738	4680	4671	4619	4831	4745
gene981	17	26	30	28	20	23	27	24	25	25
gene982	59	60	66	82	54	118	123	122	119	107
gene983	194	181	191	192	186	197	227	174	176	204
gene984	1869	1921	1878	1914	1837	1862	1884	1892	1921	1899
gene985	1764	1828	1707	1762	1746	1723	1711	1795	1772	1759
gene986	209	207	213	205	188	212	205	227	190	219
gene987	280	272	281	281	298	288	286	296	300	316
gene988	214	235	207	195	195	215	211	206	210	224
gene989	2721	2776	2700	2666	2614	2633	2603	2758	2736	2668
gene990	746	751	798	760	747	777	764	754	778	766
gene991	675	668	670	668	597	686	654	673	690	663
gene992	23	26	30	34	28	42	28	27	33	38
gene993	649	601	620	632	624	575	577	579	566	599
gene994	9	9	21	16	13	17	16	10	13	7
gene995	119	116	135	98	114	109	107	112	112	107
gene996	1405	1461	1540	1546	1396	2912	2937	2910	2966	2938
gene997	5741	5788	5693	5697	5810	5711	5673	5699	5798	5754
gene998	190	188	229	207	208	204	232	235	229	193
gene999	179	175	186	189	193	162	167	166	177	172
gene1000	2824	2877	2834	2860	2810	2847	2932	2848	2908	2925
